{
  "name": "SolaceSourceConnector",
  "config": {
    "connector.class": "io.confluent.connect.solace.SolaceSourceConnector",
    "tasks.max": "1",
    "kafka.topic": "solace-messages",
    "value.converter": "org.apache.kafka.connect.storage.StringConverter",
    "key.converter": "org.apache.kafka.connect.storage.StringConverter",
    "jms.destination.type": "queue",
    "jms.destination.name": "testQueue",
    "solace.host": "smf://localhost:55555",
    "solace.username": "admin",
    "solace.password": "admin",
    "confluent.topic.replication.factor": "1",
    "confluent.topic.bootstrap.servers": "localhost:9091"
  }
}